-- phpMyAdmin SQL Dump
-- version 5.0.2
-- https://www.phpmyadmin.net/
--
-- Servidor: 127.0.0.1
-- Tiempo de generación: 14-10-2020 a las 22:23:17
-- Versión del servidor: 10.4.14-MariaDB
-- Versión de PHP: 7.4.10

SET SQL_MODE = "NO_AUTO_VALUE_ON_ZERO";
START TRANSACTION;
SET time_zone = "+00:00";


/*!40101 SET @OLD_CHARACTER_SET_CLIENT=@@CHARACTER_SET_CLIENT */;
/*!40101 SET @OLD_CHARACTER_SET_RESULTS=@@CHARACTER_SET_RESULTS */;
/*!40101 SET @OLD_COLLATION_CONNECTION=@@COLLATION_CONNECTION */;
/*!40101 SET NAMES utf8mb4 */;

--
-- Base de datos: `la-zaranda-db`
--

-- --------------------------------------------------------

--
-- Estructura de tabla para la tabla `categorias`
--

CREATE TABLE `categorias` (
  `id` int(11) NOT NULL,
  `categoria` text COLLATE utf8_spanish_ci NOT NULL,
  `fecha` timestamp NOT NULL DEFAULT current_timestamp() ON UPDATE current_timestamp()
) ENGINE=InnoDB DEFAULT CHARSET=utf8 COLLATE=utf8_spanish_ci;

--
-- Volcado de datos para la tabla `categorias`
--

INSERT INTO `categorias` (`id`, `categoria`, `fecha`) VALUES
(9, 'HORTALIZAS Y VEGETALES', '2020-09-14 23:46:19'),
(10, 'FRUTAS', '2020-09-15 11:47:35'),
(11, 'VERDURAS', '2020-09-15 11:50:51'),
(12, 'PANES', '2020-09-15 11:53:06'),
(13, 'POLLOS', '2020-09-15 11:55:06'),
(14, 'COCHINO', '2020-09-15 11:57:03'),
(15, 'CHARCUTERIA', '2020-09-15 11:57:33'),
(16, 'ALIMENTOS POLAR', '2020-09-15 12:02:33'),
(17, 'PRODUCTOS HEINZ', '2020-09-15 12:11:55'),
(18, 'PRODUCTOS MARY', '2020-09-15 12:13:15'),
(20, 'PRODUCTOS KIERO', '2020-09-15 12:16:41'),
(21, 'PRODUCTOS OLE', '2020-09-15 12:17:23'),
(22, 'PRODUCTOS IBERIA', '2020-09-15 12:18:09'),
(23, 'PRODUCTOS DON PEDRO', '2020-09-15 12:18:46'),
(24, 'PRODUCTOS BRASILEROS', '2020-09-15 12:19:38'),
(25, 'OTROS VIVERES', '2020-09-15 12:21:17'),
(26, 'PRODUCTOS MCKORMICK', '2020-09-15 12:37:18'),
(27, 'PRODUCTOS KRAYS', '2020-09-15 12:39:04'),
(28, 'PRODUCTOS MIMO', '2020-09-15 12:40:07'),
(29, 'PRODUCTOS IBERIA', '2020-09-15 12:40:54'),
(30, 'PRODUCTOS MAGGI', '2020-09-15 12:42:38'),
(31, 'PRODUCTOS 3N', '2020-09-15 12:43:34'),
(32, 'PRODUCTOS PAVECA', '2020-09-15 12:44:20'),
(33, 'PRODUCTOS CALIDEX', '2020-09-15 12:45:46'),
(35, 'PRODUCTOS LAS LLAVES', '2020-09-15 12:46:27'),
(36, 'Ole', '2020-09-17 06:36:16'),
(37, 'PASTOREÑA ', '2020-09-18 11:53:05'),
(38, 'KELLOGGS', '2020-09-18 11:54:13'),
(39, 'NESTLE ', '2020-09-18 11:55:07'),
(40, 'PANTENE', '2020-09-18 11:56:55'),
(41, 'ALWAYS', '2020-09-18 11:57:22'),
(42, 'DOVE', '2020-09-18 11:57:31'),
(43, 'Head  Shoulders', '2020-09-18 11:58:25'),
(44, 'MONCLER', '2020-09-18 11:58:40'),
(45, 'PALMOLIVE', '2020-09-18 11:58:52'),
(46, 'OFF', '2020-09-18 11:59:00'),
(47, 'PROTEX', '2020-09-18 11:59:10'),
(48, 'KOTEX', '2020-09-18 11:59:20'),
(49, 'GILLETE', '2020-09-18 12:05:39'),
(50, 'HERBAL ', '2020-09-18 12:05:51'),
(51, 'SEDAL', '2020-09-18 12:06:00'),
(52, 'NIVEA', '2020-09-18 12:06:12'),
(53, 'SPEED STICK ', '2020-09-18 12:06:34'),
(54, 'LISTERINE ', '2020-09-18 12:06:44'),
(55, 'MENNEN', '2020-09-18 12:06:55'),
(56, 'MIYA', '2020-09-18 12:07:04'),
(57, 'JHONSON ', '2020-09-18 12:07:17'),
(58, 'DOWNY', '2020-09-18 12:07:34'),
(59, 'MAMYS', '2020-09-18 12:07:46'),
(60, 'PRODUCTO ARABE ', '2020-09-18 14:15:33'),
(61, 'DULCES IMPORTADOS ', '2020-09-19 03:08:12'),
(62, 'ACEITES ', '2020-09-19 13:22:02'),
(63, 'ELECTRICIDAD', '2020-09-19 13:22:12'),
(64, 'FERRETERIA ', '2020-09-19 13:34:57'),
(65, 'SAVOY ', '2020-09-19 13:43:27'),
(66, 'OTROS DULCES ', '2020-09-19 13:51:58'),
(67, 'BEBIDAS ', '2020-09-22 12:46:19'),
(68, 'CHUCHERIA ', '2020-09-22 13:07:37'),
(69, 'PRODUCTOS CANINOS ', '2020-09-22 13:09:19'),
(70, 'PRODUCTOS FRESCARINI ', '2020-09-22 13:16:47'),
(71, 'ENLATADOS ', '2020-09-22 13:24:29'),
(72, 'PRODUCTOS CAMPESTRE ', '2020-09-24 17:56:40');

-- --------------------------------------------------------

--
-- Estructura de tabla para la tabla `clientes`
--

CREATE TABLE `clientes` (
  `id` int(11) NOT NULL,
  `nombre` text COLLATE utf8_spanish_ci NOT NULL,
  `documento` int(11) NOT NULL,
  `email` text COLLATE utf8_spanish_ci NOT NULL,
  `telefono` text COLLATE utf8_spanish_ci NOT NULL,
  `direccion` text COLLATE utf8_spanish_ci NOT NULL,
  `fecha_nacimiento` date NOT NULL,
  `compras` int(11) NOT NULL,
  `ultima_compra` datetime NOT NULL,
  `fecha` timestamp NOT NULL DEFAULT current_timestamp() ON UPDATE current_timestamp()
) ENGINE=InnoDB DEFAULT CHARSET=utf8 COLLATE=utf8_spanish_ci;

--
-- Volcado de datos para la tabla `clientes`
--

INSERT INTO `clientes` (`id`, `nombre`, `documento`, `email`, `telefono`, `direccion`, `fecha_nacimiento`, `compras`, `ultima_compra`, `fecha`) VALUES
(15, 'Maricruz Martinez', 11728344, 'ejemplo@gmail.com', '(414) 185-5543', 'Av Cedeno', '1989-11-02', 2, '0000-00-00 00:00:00', '2020-09-17 08:58:17'),
(16, 'GEORGINA ALTAFECH', 25914256, 'ejemplo@ejemplo.com', '(412) 878-8518', 'Avenida Cedeno', '1997-07-05', 0, '0000-00-00 00:00:00', '2020-09-22 14:25:25'),
(17, 'GEORGES AL TAFECH ', 22830410, 'ejemplo@ejemplo.com', '(414) 893-8499', 'Avenida Cedeno', '1970-08-04', 0, '0000-00-00 00:00:00', '2020-09-22 14:33:52');

-- --------------------------------------------------------

--
-- Estructura de tabla para la tabla `productos`
--

CREATE TABLE `productos` (
  `id` int(11) NOT NULL,
  `id_categoria` int(11) NOT NULL,
  `codigo` text COLLATE utf8_spanish_ci NOT NULL,
  `descripcion` text COLLATE utf8_spanish_ci NOT NULL,
  `stock` int(11) NOT NULL,
  `precio_compra` float NOT NULL,
  `precio_venta` float NOT NULL,
  `ventas` int(11) NOT NULL,
  `fecha` timestamp NOT NULL DEFAULT current_timestamp() ON UPDATE current_timestamp()
) ENGINE=InnoDB DEFAULT CHARSET=utf8 COLLATE=utf8_spanish_ci;

--
-- Volcado de datos para la tabla `productos`
--

INSERT INTO `productos` (`id`, `id_categoria`, `codigo`, `descripcion`, `stock`, `precio_compra`, `precio_venta`, `ventas`, `fecha`) VALUES
(74, 9, '901', 'ACELGA', 1000, 100, 140, 0, '2020-09-15 11:21:50'),
(75, 9, '902', 'AJOPORRO', 100, 90, 126, 0, '2020-09-15 11:31:54'),
(76, 9, '903', 'CEDANO', 9000, 900, 1260, 0, '2020-09-15 11:32:05'),
(77, 9, '904', 'ALCACHOFAS', 9090, 900, 1260, 0, '2020-09-15 11:32:21'),
(78, 9, '905', 'ALBAHACA', 900, 900, 1260, 0, '2020-09-15 11:32:32'),
(79, 9, '906', 'BROCOLI', 900, 900, 1260, 0, '2020-09-15 11:32:45'),
(80, 9, '907', 'CILANTRO', 900, 900, 1260, 0, '2020-09-15 11:32:55'),
(81, 9, '908', 'CEBOLLIN', 900, 900, 1260, 0, '2020-09-15 11:33:08'),
(82, 9, '909', 'CEBOLLA BLANCA', 900, 900, 1260, 0, '2020-09-15 11:33:20'),
(83, 9, '910', 'CEBOLLA MORADA', 900, 9000, 12600, 0, '2020-09-15 11:33:35'),
(84, 9, '911', 'COLIFLOR', 900, 9000, 12600, 0, '2020-09-15 11:35:41'),
(85, 9, '912', 'COLINABO', 9000, 900, 1260, 0, '2020-09-15 11:35:50'),
(86, 9, '913', 'CALABACIN', 900, 900, 1260, 0, '2020-09-15 11:36:04'),
(87, 9, '914', 'CHAYOTA', 900, 900, 1260, 0, '2020-09-15 11:36:52'),
(88, 9, '915', 'ESPINACA', 9000, 900, 1260, 0, '2020-09-15 11:37:03'),
(89, 9, '916', 'LECHUGA ROMANA', 900, 900, 1260, 0, '2020-09-15 11:37:14'),
(90, 9, '917', 'LECHUGA CRIOLLA', 900, 900, 1260, 0, '2020-09-15 11:37:25'),
(91, 9, '918', 'LECHUGA AMERICANA', 90000, 900, 1260, 0, '2020-09-15 11:37:36'),
(92, 9, '919', 'RABANO', 900, 900, 1260, 0, '2020-09-15 11:37:45'),
(93, 9, '920', 'NABO', 9000, 9000, 12600, 0, '2020-09-15 11:38:03'),
(94, 9, '921', 'NABO CHINO', 500, 54, 75.6, 0, '2020-09-15 11:38:19'),
(95, 9, '922', 'PEREJIL', 9000, 900, 1260, 0, '2020-09-15 11:38:29'),
(96, 9, '923', 'PICANTE', 800, 8, 11.2, 0, '2020-09-15 11:38:42'),
(97, 9, '924', 'REPOLLO BLANCO', 800, 9, 12.6, 0, '2020-09-15 11:38:53'),
(98, 9, '925', 'REPOLLO MORADO', 900, 900, 1260, 0, '2020-09-15 11:39:03'),
(99, 9, '926', 'TOMATE', 501, 25, 35, 1, '2020-09-17 08:58:08'),
(100, 9, '927', 'REPOLLO CHINO', 100, 400, 560, 0, '2020-09-15 11:39:34'),
(101, 9, '928', 'REPOLLO CRESPO', 900, 400, 560, 0, '2020-09-15 11:39:53'),
(102, 9, '929', 'PIMENTON', 544, 90, 126, 0, '2020-09-15 11:40:05'),
(103, 9, '930', 'REMOLACHA', 65, 56, 78.4, 0, '2020-09-15 11:40:21'),
(104, 9, '931', 'VAINITA CRIOLLA', 450, 900, 1260, 0, '2020-09-15 11:40:47'),
(105, 9, '932', 'VAINITA ANCHA', 500, 900, 1260, 0, '2020-09-15 11:41:01'),
(106, 9, '933', 'ZANAHORIA', 501, 60, 84, 1, '2020-09-17 08:58:07'),
(107, 9, '934', 'PAPA', 900, 900, 1260, 0, '2020-09-15 11:41:58'),
(108, 9, '935', 'PAPITA COLOMBIANA', 500, 541, 757.4, 0, '2020-09-15 11:42:07'),
(109, 9, '936', 'BEREJENA', 654, 500, 700, 0, '2020-09-15 11:42:18'),
(110, 9, '937', 'PEPINO', 654, 900, 1260, 0, '2020-09-15 11:42:33'),
(111, 9, '938', 'PLATANO', 900, 450, 630, 0, '2020-09-15 11:42:44'),
(112, 9, '939', 'AJO BLANCO', 888, 9, 12.6, 0, '2020-09-15 11:42:56'),
(113, 9, '940', 'AJO CRIOLLO', 900, 9, 12.6, 0, '2020-09-15 11:43:07'),
(114, 9, '941', 'GENJIBRE', 900, 650, 910, 0, '2020-09-15 11:44:57'),
(115, 9, '942', 'ROMERO', 65, 452, 632.8, 0, '2020-09-15 11:45:10'),
(116, 9, '943', 'YERBABUENA', 900, 455, 637, 0, '2020-09-15 11:45:25'),
(117, 9, '944', 'RUDA', 32, 554, 775.6, 0, '2020-09-15 11:45:34'),
(118, 9, '945', 'PAPELON ', 54, 212, 296.8, 0, '2020-09-15 11:45:46'),
(119, 9, '946', 'ESPARRAGOS', 32, 125, 175, 0, '2020-09-15 11:45:57'),
(120, 9, '947', 'HABAS', 5544, 54, 75.6, 0, '2020-09-15 11:46:12'),
(121, 9, '948', 'HINOJO', 45, 5, 7, 0, '2020-09-15 11:46:20'),
(122, 9, '949', 'AGUACATE', 200, 54, 75.6, 0, '2020-09-15 11:46:33'),
(123, 10, '1001', 'CAMBUR', 54, 455, 637, 0, '2020-09-15 11:47:45'),
(124, 10, '1002', 'GUAYABA', 500, 54, 75.6, 0, '2020-09-15 11:47:57'),
(125, 10, '1003', 'FRESA', 200, 456, 638.4, 0, '2020-09-15 11:48:11'),
(126, 10, '1004', 'PARCHITA', 420, 43, 60.2, 0, '2020-09-15 11:48:23'),
(127, 10, '1005', 'MELON', 410, 900, 1260, 0, '2020-09-15 11:48:36'),
(128, 10, '1006', 'NARANJA', 541, 214, 299.6, 0, '2020-09-15 11:48:52'),
(129, 10, '1007', 'DURAZNO', 231, 21, 29.4, 0, '2020-09-15 11:49:01'),
(130, 10, '1008', 'MELOCOTON', 52, 156, 218.4, 0, '2020-09-15 11:49:10'),
(131, 10, '1009', 'PIÑA', 300, 65, 91, 0, '2020-09-15 11:49:20'),
(132, 10, '1010', 'LECHOSA', 800, 456, 638.4, 0, '2020-09-15 11:50:04'),
(133, 10, '1011', 'MANDARINA', 900, 542, 758.8, 0, '2020-09-15 11:50:14'),
(134, 10, '1012', 'TOMATE DE ARBOL', 21, 565, 791, 0, '2020-09-15 11:50:26'),
(135, 10, '1013', 'CIRUELA', 542, 546, 764.4, 0, '2020-09-15 11:50:42'),
(136, 11, '1101', 'YUCA', 200, 456, 638.4, 0, '2020-09-15 11:51:07'),
(137, 11, '1102', 'OCUMO CHINO ', 652, 546, 764.4, 0, '2020-09-15 11:51:18'),
(138, 11, '1103', 'OCUMO BLANCO', 655, 21, 29.4, 0, '2020-09-15 11:51:29'),
(139, 11, '1104', 'APIO RAIZ', 545, 65, 91, 0, '2020-09-15 11:51:43'),
(140, 11, '1105', 'ÑAME', 650, 4662, 6526.8, 0, '2020-09-15 11:51:57'),
(141, 11, '1106', 'YANCIN', 452, 54, 75.6, 0, '2020-09-15 11:52:12'),
(142, 11, '1107', 'AUYAMA', 5462, 654, 915.6, 0, '2020-09-15 11:52:21'),
(143, 11, '1108', 'TOPOCHO', 54, 54, 75.6, 0, '2020-09-15 11:52:31'),
(144, 11, '1109', 'BATATA', 544, 56, 78.4, 0, '2020-09-15 11:52:45'),
(145, 12, '1201', 'BLANCO HOLSUM', 800, 54, 75.6, 0, '2020-09-15 11:53:30'),
(146, 12, '1202', 'INTEGRAL HOLSUM', 54, 254, 355.6, 0, '2020-09-15 11:53:40'),
(147, 12, '1203', 'MANTEQUILLA HOLSUM', 54, 545, 763, 0, '2020-09-15 11:53:51'),
(148, 12, '1204', 'BLANCO BIMBO', 58, 241, 337.4, 0, '2020-09-15 11:54:02'),
(149, 12, '1205', 'TORTILLAS CLASICAS BIMBO', 95, 54, 75.6, 0, '2020-09-15 11:54:29'),
(150, 12, '1206', 'PERRO  JUMBO BIMBO', 65, 54, 75.6, 0, '2020-09-15 11:54:40'),
(151, 12, '1207', 'HAMBURQUESAS BIMBO', 875, 45, 63, 0, '2020-09-15 11:54:49'),
(152, 13, '1301', 'POLLO  EMPACADO DEL CORRAL', 65, 46, 64.4, 0, '2020-09-15 11:55:19'),
(153, 13, '1302', 'FILET DE POLLO EL CORRAL', 54, 54, 75.6, 0, '2020-09-15 11:55:27'),
(154, 13, '1303', 'ALAS', 54, 54, 75.6, 0, '2020-09-15 11:55:36'),
(155, 13, '1304', 'HIGADOS ', 54, 54, 75.6, 0, '2020-09-15 11:55:45'),
(156, 13, '1305', 'MOLLEJAS', 54, 54, 75.6, 0, '2020-09-15 11:55:53'),
(157, 13, '1306', 'PATA', 45, 54, 75.6, 0, '2020-09-15 11:56:04'),
(158, 13, '1307', 'GALLINA', 65, 45, 63, 0, '2020-09-15 11:56:15'),
(159, 13, '1308', 'NUGGETS DE POLLO', 45, 24, 33.6, 0, '2020-09-15 11:56:24'),
(160, 13, '1309', 'MILANESA DE POLLO', 54, 521, 729.4, 0, '2020-09-15 11:56:34'),
(161, 13, '1310', 'TENDER DE POLLO', 54, 12, 16.8, 0, '2020-09-15 11:56:42'),
(162, 14, '1401', 'COSTILLAS DE COCHINO', 54, 21, 29.4, 0, '2020-09-15 11:57:14'),
(163, 15, '1501', 'MORTAL ESPEC DEL  CORRAL 500G', 54, 21, 29.4, 0, '2020-09-15 11:58:01'),
(164, 15, '1502', 'MORTLEDA ESPECIAL DEL CORRAL', 542, 54, 75.6, 0, '2020-09-15 11:58:14'),
(165, 15, '1503', 'BOLOGÑA  DE POLLO DEL CORRAL', 50, 54, 75.6, 0, '2020-09-15 11:58:28'),
(166, 15, '1504', 'BOLOGÁ DE PIMENTON DEL CORRAL', 200, 454, 635.6, 0, '2020-09-15 11:59:00'),
(167, 15, '1505', 'JAMON PECHUGA DE POLLO DEL CORRAL', 54, 45, 63, 0, '2020-09-15 11:59:12'),
(168, 15, '1506', 'SALCHICHAS DE POLLO A GRANEL ', 54, 241, 337.4, 0, '2020-09-15 11:59:20'),
(169, 15, '1507', 'QUESO PECORINO', 456, 541, 757.4, 0, '2020-09-15 11:59:28'),
(170, 15, '1508', 'QUESO MANCHEGO', 54, 12, 16.8, 0, '2020-09-15 11:59:37'),
(171, 15, '1509', 'QUESO GABY  250G', 54, 21, 29.4, 0, '2020-09-15 11:59:46'),
(172, 15, '1510', 'JAMON AHUMADO LPRADO', 54, 5, 7, 0, '2020-09-15 12:00:08'),
(173, 15, '1511', 'JAMON PECHUGA DE PAVO LPRADO', 54, 54, 75.6, 0, '2020-09-15 12:00:21'),
(174, 15, '1512', 'QUESO MAZARELLA NAPOLITANA', 54, 5152, 7212.8, 0, '2020-09-15 12:00:31'),
(175, 15, '1513', 'QUESO AMARILLO LOS FRAILES', 54, 1, 1.4, 0, '2020-09-15 12:00:40'),
(176, 15, '1514', 'CHORIZO MONSERRATINA DE POLLO', 45, 2, 2.8, 0, '2020-09-15 12:00:49'),
(177, 15, '1515', 'CHORIZO MONSERRATINA CON HINOJO', 40, 5, 7, 0, '2020-09-15 12:00:59'),
(178, 15, '1516', 'CHORIZO MONSERRATINA FINAS HIERB', 54, 12, 16.8, 0, '2020-09-15 12:01:13'),
(179, 15, '1517', 'CHORIZO MANSERRATINA AHUMADO', 54, 2, 2.8, 0, '2020-09-15 12:01:21'),
(180, 15, '1518', 'QUESO ENMENTAL ', 40, 12, 16.8, 0, '2020-09-15 12:01:44'),
(181, 15, '1519', 'SALCHICHON  MILANO', 54, 12, 16.8, 0, '2020-09-15 12:01:53'),
(182, 15, '1520', 'HUEVOS', 521, 21, 29.4, 0, '2020-09-15 12:02:02'),
(183, 15, '1521', 'CASABE', 54, 221, 309.4, 0, '2020-09-15 12:02:14'),
(184, 16, '1601', 'ACEITE MAZEITE 1L ', 54, 21, 29.4, 0, '2020-09-15 12:02:46'),
(185, 16, '1602', 'ACEITE CHEF OLEINA DE PALMA 1L', 46, 5, 7, 0, '2020-09-15 12:02:55'),
(186, 16, '1603', 'SARDINAS EN SALSA DE TOMATE MARGARITA 170G', 45, 5, 7, 0, '2020-09-22 13:26:40'),
(187, 16, '1604', 'ARROZ PRIMOR CLASICO 1K', 40, 54, 75.6, 0, '2020-09-15 12:03:19'),
(188, 16, '1605', 'LA VIENESA MERMERALADA FRESA 240G', 550, 54, 75.6, 0, '2020-09-15 12:03:30'),
(189, 16, '1606', 'LA VIENESA MERMELADA GUAYABA 240G', 54, 21, 29.4, 0, '2020-09-15 12:03:50'),
(190, 16, '1607', 'TODDY ENVASE 200G', 45, 54, 75.6, 0, '2020-09-15 12:03:58'),
(191, 16, '1608', 'TODDY BOLSA 100G', 64, 54, 75.6, 0, '2020-09-15 12:04:12'),
(192, 16, '1609', 'TODDY ENVASE 400G', 54, 12, 16.8, 0, '2020-09-15 12:04:21'),
(193, 16, '1610', 'RIKESA QUESO ORIGINAL ENRIQ 200G', 65, 12, 16.8, 0, '2020-09-15 12:04:33'),
(194, 16, '1611', 'PAN HARINA MAIZ BLANCA 1KG', 45, 21, 29.4, 0, '2020-09-15 12:04:41'),
(195, 16, '1612', 'PAN HARINA MAIZ AMARILLA 1KG', 45, 21, 29.4, 0, '2020-09-15 12:05:07'),
(196, 16, '1613', 'PAN MEZCLA PARA CACHAPA 500G', 54, 54, 75.6, 0, '2020-09-15 12:05:17'),
(197, 16, '1614', 'PRIMOR CREMA DE ARROZ ENRIQ  450G', 54, 12, 16.8, 0, '2020-09-15 12:05:33'),
(198, 16, '1615', 'QUAKER HARINA DE AVENA BOLS 400G', 500, 542, 758.8, 0, '2020-09-15 12:05:59'),
(199, 16, '1616', 'QUAKER AVENA FORTIGICADA 400G', 5421, 512, 716.8, 0, '2020-09-15 12:06:12'),
(200, 16, '1617', 'QUAKER AVENA FORTIGICADA 200G', 0, 54, 75.6, 0, '2020-09-22 13:31:00'),
(201, 16, '1618', 'PASTA PRIMOR CORTA PLUMITAS 1KG', 45, 21, 29.4, 0, '2020-09-15 12:10:06'),
(202, 16, '1619', 'PASTA PRIMOR CORTA DEDAL 1KG', 421, 12, 16.8, 0, '2020-09-15 12:10:16'),
(203, 16, '1620', 'PASTA PRIMOR CORTA TORNILLO 1KG', 54, 2, 2.8, 0, '2020-09-15 12:10:24'),
(204, 16, '1621', 'MAVESA MAYONESA 910G', 54, 12, 16.8, 0, '2020-09-15 12:10:33'),
(205, 16, '1622', 'MAVESA MAYONESA 445G', 54, 12, 16.8, 0, '2020-09-15 12:10:43'),
(206, 16, '1623', 'MAVESA MARGARINA 1000G', 45, 54, 75.6, 0, '2020-09-15 12:10:53'),
(207, 16, '1624', 'MAVESA MARGARINA 500G', 45, 12, 16.8, 0, '2020-09-15 12:11:00'),
(208, 16, '1625', 'PAMPERO KETCHUP 397G', 54, 54, 75.6, 0, '2020-09-15 12:11:10'),
(209, 16, '1626', 'PAMPERO KETCHUP 197GG', 54, 12, 16.8, 0, '2020-09-15 12:11:20'),
(210, 16, '1627', 'KONGA SABOR LIMON 30G', 845, 12, 16.8, 0, '2020-09-15 12:11:32'),
(211, 16, '1628', 'KONGA SABOR NARANJA', 45, 12, 16.8, 0, '2020-09-15 12:11:40'),
(212, 16, '1629', 'SUPER CAN CARNE HUESO 2KG', 45, 12, 16.8, 0, '2020-09-15 12:11:48'),
(213, 17, '1701', 'PASSATA 480G', 54, 12, 16.8, 0, '2020-09-15 12:12:07'),
(214, 17, '1702', 'VINAGRE HEINZ 1L ', 45, 12, 16.8, 0, '2020-09-18 11:45:43'),
(215, 17, '1703', 'SALSA DE TOMATE HEINZ 397G', 54, 12, 16.8, 0, '2020-09-15 12:12:22'),
(216, 17, '1704', 'SALSA DE AJO 150CC', 500, 12, 16.8, 0, '2020-09-15 12:12:34'),
(217, 18, '1801', 'ARROZ TRADICIONAL 1KG', 54, 54, 75.6, 0, '2020-09-15 12:13:46'),
(218, 18, '1802', 'ARROZ SUPERIOR 1KG', 54, 12, 16.8, 0, '2020-09-15 12:13:53'),
(219, 18, '1803', 'ARVEJAS AMARILLAS 500G', 54, 21, 29.4, 0, '2020-09-15 12:14:03'),
(220, 18, '1804', 'TOMATES PELADOS  800G', 120, 21, 29.4, 0, '2020-09-15 12:14:16'),
(221, 18, '1805', 'TOMATES PELADOS  400G', 120, 54, 75.6, 0, '2020-09-15 12:14:31'),
(222, 18, '1806', 'ARVEJAS AMRILLAS 250G', 54, 124, 173.6, 0, '2020-09-15 12:14:40'),
(223, 18, '1807', 'MAIZ DE COTUFAS 250', 54, 21, 29.4, 0, '2020-09-15 12:15:18'),
(224, 18, '1808', 'CARAOTAS 500G', 54, 12, 16.8, 0, '2020-09-15 12:15:13'),
(225, 18, '1809', 'CARAOTAS 250G', 54, 124, 173.6, 0, '2020-09-15 12:15:29'),
(226, 18, '1810', 'PASTA  DEDAL 500G', 45, 12, 16.8, 0, '2020-09-15 12:15:38'),
(227, 18, '1811', 'PASTA TORNILLOS 500G', 45, 15, 21, 0, '2020-09-15 12:15:47'),
(228, 18, '1812', 'PASTA PLUMITAS 500G', 45, 12, 16.8, 0, '2020-09-15 12:15:55'),
(229, 18, '1813', 'PASTA LINGUINI 500G', 54, 21, 29.4, 0, '2020-09-15 12:16:04'),
(230, 18, '1814', 'PASTA VERMICELLI 500G', 45, 54, 75.6, 0, '2020-09-15 12:16:13'),
(231, 18, '1815', 'FRIJOL BAYO 500G', 54, 54, 75.6, 0, '2020-09-15 12:16:22'),
(232, 18, '1816', 'GARBANZOS 500G', 21, 12, 16.8, 0, '2020-09-15 12:16:34'),
(233, 20, '2001', 'SALSA DE TOMATE 397G', 54, 21, 29.4, 0, '2020-09-15 12:16:50'),
(234, 20, '2002', 'SALSA INGLESA 300CM', 54, 12, 16.8, 0, '2020-09-15 12:17:01'),
(235, 20, '2003', 'SALSA SOYA 300CM', 54, 21, 29.4, 0, '2020-09-15 12:17:10'),
(236, 21, '2101', 'TOMATE ENTEROS  240G', 54, 21, 29.4, 0, '2020-09-15 12:17:35'),
(237, 21, '2102', 'CATCHUP 280G', 542, 21, 29.4, 0, '2020-09-15 12:18:00'),
(238, 22, '2201', 'SALSA DE AJO 150CM', 54, 12, 16.8, 0, '2020-09-15 12:18:19'),
(239, 22, '2202', 'SALSA INGLESA 150CM', 54, 12, 16.8, 0, '2020-09-15 12:18:27'),
(240, 22, '2203', 'SALSA SOYA 150CM ', 50, 12, 16.8, 0, '2020-09-15 12:18:38'),
(241, 23, '2301', 'MOSTAZA DON PEDRO 192G', 50, 12, 16.8, 0, '2020-09-15 12:19:04'),
(242, 23, '2302', 'VINAGRE DON PEDRO 1L', 54, 12, 16.8, 0, '2020-09-18 11:45:21'),
(243, 23, '2303', 'SALSA PICANTE 150CC', 45, 12, 16.8, 0, '2020-09-15 12:19:25'),
(244, 24, '2401', 'HARINA DE TRIGO DOÑA MARIA', 45, 45, 63, 0, '2020-09-15 12:19:53'),
(245, 24, '2402', 'AZUCAR DOCE DIA 1K', 54, 21, 29.4, 0, '2020-09-15 12:20:02'),
(246, 24, '2403', 'AZUCAR UNIAO 1K', 45, 12, 16.8, 0, '2020-09-15 12:20:12'),
(247, 24, '2404', 'ACEITE SOYA  1L', 45, 21, 29.4, 0, '2020-09-15 12:20:24'),
(248, 25, '2501', 'LECHE EN POLVO SEMIDESCREMADA  CAMPESTRE 900G', 21, 21, 29.4, 0, '2020-09-15 12:21:36'),
(249, 25, '2502', 'LECHE EN POLVO COMPLETA EXTRACALCIO CAMPESTRE 1KJ', 54, 12, 16.8, 0, '2020-09-22 14:08:40'),
(251, 25, '2503', 'MANTEQUILLA LA CAMPRESTE 360G', 452, 54, 75.6, 0, '2020-09-15 12:22:08'),
(252, 25, '2504', 'MANTEQUILLA MARACAY 250G', 45, 21, 29.4, 0, '2020-09-15 12:22:26'),
(253, 25, '2505', 'MANTEQUILLA LA CAMPRESTE 250G', 45, 21, 29.4, 0, '2020-09-15 12:22:52'),
(254, 25, '2506', 'PASTA SEMOLA LASAÑA GALO 200G', 54, 12, 16.8, 0, '2020-09-15 12:24:00'),
(255, 25, '2507', 'PASTA RENATA AL HUEVO AVE MARIA 500G', 54, 12, 16.8, 0, '2020-09-15 12:24:08'),
(256, 25, '2508', 'PASTA RENATA AL HUEVO PENNE 500G', 120, 214, 299.6, 0, '2020-09-15 12:24:22'),
(257, 25, '2509', 'LECHE CONDENSADA NATULAC 397G', 45, 12, 16.8, 0, '2020-09-15 12:24:31'),
(258, 25, '2510', 'CHEES WHIZ 300G', 45, 12, 16.8, 0, '2020-09-15 12:24:42'),
(259, 25, '2511', 'MEZCLA PARA TORTA RENATA VAINILLA 400G', 45, 21, 29.4, 0, '2020-09-15 12:25:07'),
(260, 25, '2512', 'MEZCLA PARA TORTA RENATA CHOC BRIGADEIRO 400G', 450, 54, 75.6, 0, '2020-09-15 12:25:29'),
(261, 25, '2513', 'LECHE EN POLVO SEMIDESCREMADA SVELTY 400G', 54, 12, 16.8, 0, '2020-09-15 12:25:41'),
(262, 25, '2514', 'ACEITE VATEL 500ML', 665, 152, 212.8, 0, '2020-09-15 12:25:54'),
(263, 25, '2515', 'LECHE LIQUIDA CARABOBO PROFESIONAL  1L', 54, 12, 16.8, 0, '2020-09-15 12:26:05'),
(264, 25, '2516', 'LECHE LIQUIDA MI VACA DESCREMADA 1L ', 45, 21, 29.4, 0, '2020-09-15 12:26:16'),
(265, 25, '2517', 'CAFÉ ANZOTEGUI PREMIUM GOURMET 250 GRS', 54, 12, 16.8, 0, '2020-09-15 12:26:25'),
(266, 25, '2518', 'CAFÉ BUEN CAFÉ PREMIUM MOLIDO 100 GRS', 54, 12, 16.8, 0, '2020-09-15 12:27:03'),
(267, 25, '2519', 'CAFÉ BUEN CAFÉ PREMIUN MOLIDO 250GRS', 45, 12, 16.8, 0, '2020-09-15 12:27:16'),
(268, 25, '2520', 'ACEITE VIRGEN COSTA 750ML', 54, 21, 29.4, 0, '2020-09-15 12:27:27'),
(269, 25, '2521', 'ACEITE VIRGEN COSTA 500ML', 45, 12, 16.8, 0, '2020-09-15 12:27:35'),
(270, 25, '2522', 'ACEITE VIRGEN COSTA 250ML', 54, 12, 16.8, 0, '2020-09-15 12:27:43'),
(271, 25, '2523', 'VINAGRE TIGUIRE FLORES 1L', 54, 215, 301, 0, '2020-09-15 12:32:49'),
(272, 25, '2524', 'VINAGRE TIGUIRE FLORES  500ML', 150, 2, 2.8, 0, '2020-09-15 12:33:03'),
(274, 25, '2526', 'SALMAR 1K', 50, 12, 16.8, 0, '2020-09-15 12:33:45'),
(275, 25, '2527', 'PASTA RONCO 500G', 45, 21, 29.4, 0, '2020-09-15 12:33:57'),
(276, 25, '2528', 'DIABLITOS UNDERWOOD 115G', 54, 21, 29.4, 0, '2020-09-15 12:34:08'),
(277, 25, '2529', 'DIABLITOS UNDERWOOD 54G', 120, 21, 29.4, 0, '2020-09-15 12:34:23'),
(279, 25, '2530', 'MAIZENA AMERICA NATILLA CHOCOLATE 300G', 120, 21, 29.4, 0, '2020-09-15 12:34:48'),
(280, 25, '2531', 'EMPANIZADO  MCCORMICK 80G', 120, 12, 16.8, 0, '2020-09-22 14:21:49'),
(281, 25, '2532', 'GELATINA YELIGHT SIN SABOR 12G', 54, 12, 16.8, 0, '2020-09-15 12:35:13'),
(282, 25, '2533', 'GELATINA YELIGHT MORA 12', 51, 21, 29.4, 0, '2020-09-15 12:35:22'),
(283, 25, '2534', 'GELATINA SONRISSA FRESA', 50, 12, 16.8, 0, '2020-09-15 12:35:31'),
(284, 25, '2535', 'GELATINA SONRISSA MORA', 54, 21, 29.4, 0, '2020-09-15 12:35:41'),
(285, 25, '2536', 'GELATINA SONRISSA PIÑA', 552, 21, 29.4, 0, '2020-09-15 12:35:52'),
(286, 25, '2537', 'MAIZENA AMERICA NATILLA 300G', 21, 21, 29.4, 0, '2020-09-15 12:36:37'),
(287, 26, '2601', 'SALSA DE SOYA 150CC', 120, 21, 29.4, 0, '2020-09-15 12:37:35'),
(288, 26, '2602', 'SALSA BBQ 200ML', 45, 21, 29.4, 0, '2020-09-15 12:37:52'),
(289, 26, '2603', 'MEDITERRANEO 90G', 54, 12, 16.8, 0, '2020-09-15 12:38:01'),
(290, 26, '2604', 'OREGANO MOLIDO 40G', 100, 54, 75.6, 0, '2020-09-15 12:38:11'),
(292, 26, '2605', 'AJO MOLIDO 70G', 45, 54, 75.6, 0, '2020-09-15 12:38:37'),
(293, 26, '2606', 'COMINO MOLIDO 49G', 54, 12, 16.8, 0, '2020-09-15 12:38:57'),
(294, 27, '2701', 'PASTA PARA PASTICHO 250G', 45, 21, 29.4, 0, '2020-09-15 12:39:18'),
(295, 27, '2702', 'ACEITUNAS RELLENAS 170G', 45, 45, 63, 0, '2020-09-15 12:39:29'),
(296, 27, '2703', 'PASTA TORNILLO 500G', 40, 54, 75.6, 0, '2020-09-15 12:39:40'),
(297, 27, '2704', 'PASTA LARGA VERMICELLI 500G', 45, 45, 63, 0, '2020-09-17 08:58:09'),
(298, 28, '2801', 'MAIZ DULCE EN GRANOS 140G', 45, 54, 75.6, 0, '2020-09-15 12:40:18'),
(299, 28, '2802', 'CHAMPIÓNES LAMINADOS 355G', 54, 54, 75.6, 0, '2020-09-15 12:40:26'),
(300, 28, '2803', 'MELOCOTONES ALBIMAR 420G', 54, 54, 75.6, 0, '2020-09-15 12:40:34'),
(301, 28, '2804', 'ACEITUNAS VERDES ENTERAS 200G', 45, 54, 75.6, 0, '2020-09-15 12:40:44'),
(302, 29, '2901', 'ADOBO 15G', 54, 54, 75.6, 0, '2020-09-15 12:41:14'),
(303, 29, '2902', 'AJILLO MIX 30G', 54, 12, 16.8, 0, '2020-09-15 12:41:26'),
(305, 29, '2904', 'ONOTO 6G', 54, 21, 29.4, 0, '2020-09-15 12:41:47'),
(306, 29, '2905', 'ARROZ PRIMAVERA 50', 45, 21, 29.4, 0, '2020-09-15 12:41:58'),
(307, 29, '2906', 'PIMIENTA NEGRA 3G', 54, 12, 16.8, 0, '2020-09-15 12:42:08'),
(308, 29, '2907', 'SALSA BECHAMEL 50G', 54, 12, 16.8, 0, '2020-09-15 12:42:28'),
(309, 30, '3001', 'SOPA DE POLLO CON FIDEO 62G', 65, 54, 75.6, 0, '2020-09-15 12:42:49'),
(310, 30, '3002', 'CALDO DE POLLO 35G', 54, 54, 75.6, 0, '2020-09-15 12:43:02'),
(311, 30, '3003', 'CUBITO', 54, 21, 29.4, 0, '2020-09-15 12:43:12'),
(312, 30, '3004', 'SAZONATODO 35G', 50, 54, 75.6, 0, '2020-09-15 12:43:23'),
(313, 31, '3101', 'DETERG EN POLVO AROMA LIMON SUA 1KG', 54, 45, 63, 0, '2020-09-15 12:44:07'),
(314, 32, '3201', 'PAPEL HIGIENICO PERLA 300H', 45, 50, 70, 0, '2020-09-15 12:44:36'),
(315, 32, '3202', 'PAPEL ROSAL  215H', 54, 21, 29.4, 0, '2020-09-15 12:44:48'),
(316, 32, '3203', 'PAPEL ROSAL 300H', 4521, 12, 16.8, 0, '2020-09-15 12:44:57'),
(317, 32, '3204', 'PAPEL ROSAL 400H', 45, 21, 29.4, 0, '2020-09-15 12:45:10'),
(318, 32, '3205', 'PAPEL SUAVE GOLD PREM', 200, 54, 75.6, 0, '2020-09-15 12:45:24'),
(320, 33, '3301', 'JABON LIQUIDO 900CC', 65, 52, 72.8, 0, '2020-09-15 12:45:59'),
(321, 35, '3501', 'MULTIUSO CREMA 250G', 45, 54, 75.6, 0, '2020-09-15 12:46:37'),
(323, 35, '3502', 'MULTIUSO PASTILLA 130G', 45, 54, 75.6, 0, '2020-09-18 13:07:17'),
(324, 35, '3503', 'MULTIUSO CREMA 500G', 54, 54, 75.6, 0, '2020-09-17 08:58:17'),
(325, 35, '3504', 'SUAVIZANTE BEBE 500CC', 45, 54, 75.6, 0, '2020-09-15 12:47:22'),
(326, 33, '3302', 'LIMPIEZA MARINA CRISTALINA 1L', 52, 45, 63, 0, '2020-09-18 12:02:21'),
(327, 17, '1705', 'MOSTAZA HEINZ  459 gr', 12, 2, 2.8, 0, '2020-09-18 11:51:17'),
(328, 29, '2908', 'VINAGRE IBERIA 1L ', 12, 501843, 873200, 0, '2020-09-18 11:48:06'),
(329, 40, '4001', 'PANTENE ACONDICIONADOR 360ML ', 6, 2, 3, 0, '2020-09-18 12:01:26'),
(330, 40, '4002', 'PANTENE ACONDICONADOR CAIDA 400ML ', 6, 2, 3, 0, '2020-09-18 12:02:02'),
(331, 40, '4003', 'PANTENE SHAMPOO BRILLO EXTREMO 400ML ', 6, 2, 3, 0, '2020-09-18 12:02:55'),
(332, 40, '4004', 'PANTENE SHAMPOO CONTROL CAIDA 400ML ', 6, 6, 8.4, 0, '2020-09-18 12:03:39'),
(333, 49, '4901', 'GILLETE AFEITADORA BLUE II PLUS', 10, 1.6, 2.4, 0, '2020-09-18 12:09:36'),
(334, 49, '4902', 'GILLETE AFEITADORA BLUE II ', 10, 1.6, 2.4, 0, '2020-09-18 12:10:19'),
(335, 45, '4501', 'PALMOLIVE SHAMPOO ANTIDAN DRUFF MINT 350ML ', 4, 3.15, 4.725, 0, '2020-09-18 12:11:14'),
(336, 45, '4502', 'PALMOLIVE SHAMPOO SILKE SHINE ALOE 350ML ', 4, 3.15, 4.725, 0, '2020-09-18 12:12:14'),
(337, 45, '4503', 'PALMOLIVE SHAMPOO 2 EN 1 HYDRA PEAH 350ML ', 4, 3.15, 4.725, 0, '2020-09-18 12:13:08'),
(338, 50, '5001', 'HERBAL ACONDICIONADOR ESSENCES DAZZLE 200ML ', 6, 3.15, 4.725, 0, '2020-09-18 12:14:09'),
(339, 50, '5002', 'HERBAL ESSENCES SHAMPOO PROLONGADO 300ML ', 6, 3.15, 4.725, 0, '2020-09-18 12:14:47'),
(340, 50, '5003', 'HERBAL SHAMPOO DESNUDO BRILLO NATURAL 300ML ', 6, 3.15, 4.725, 0, '2020-09-18 12:15:30'),
(341, 51, '5101', 'SEDAL SHAMPOO LISO PERFECTO 340ML ', 6, 3.63, 5.445, 0, '2020-09-18 12:16:13'),
(342, 51, '5102', 'SEDAL SHAMPOO RIZOS DEFINIDOS 340ML ', 6, 3.63, 5.445, 0, '2020-09-18 12:16:55'),
(343, 42, '4201', 'DOVE DESODORANTE STICK CUCUMBER 40ML ', 6, 3.94, 5.91, 0, '2020-09-18 12:18:50'),
(344, 42, '4202', 'DOVE DESODORANTE STICK ORIGINAL 40ML ', 6, 3.94, 5.91, 0, '2020-09-18 12:19:44'),
(345, 42, '4203', 'DOVE DESODORANTE STICK MINERAL Y SAGE 50ML', 6, 3.67, 5.505, 0, '2020-09-18 12:20:33'),
(346, 42, '4204', 'DOVE DESODORANTE STICK COOL FRESH 50ML ', 6, 3.67, 5.505, 0, '2020-09-18 12:21:19'),
(347, 52, '5201', 'NIVEA DESODORANTE DOUBLE EFECT 150ML ', 6, 3.73, 5.595, 0, '2020-09-18 12:22:14'),
(348, 52, '5202', 'NIVEA DESODORANTE PEARL Y BEATY 150ML ', 6, 3.64, 5.46, 0, '2020-09-18 12:23:00'),
(349, 53, '5301', 'SPEED STICK DSTE ROLLON MINI NIHTH ', 7, 0.91, 1.365, 0, '2020-09-18 12:23:48'),
(350, 54, '5401', 'LISTERINE ENJUAGUE BUCAL TOTAL CARE 250ML ', 6, 4.23, 6.345, 0, '2020-09-18 12:24:27'),
(351, 54, '5402', 'LISTERINE ENJUAGUE BUCAL COOL MINT 500ML ', 6, 5.98, 8.97, 0, '2020-09-18 12:25:10'),
(352, 55, '5501', 'MENNEN SHAMPOO CON ACONDICIONADOR 700ML ', 0, 4.46, 6.69, 0, '2020-09-18 12:26:08'),
(353, 55, '5502', 'MENNEM SHAMPOO MIEL Y MANZANILLA 700ML ', 3, 4.46, 6.69, 0, '2020-09-18 12:26:55'),
(354, 56, '5601', 'MIYA SHAMPOO PARA BEBE AMARILLO 200ML ', 4, 1.02, 1.53, 0, '2020-09-18 12:28:21'),
(355, 56, '5602', 'MIYA SHAMPOO PARA BEBE MORADO 200ML ', 4, 1.02, 1.53, 0, '2020-09-18 12:29:16'),
(356, 57, '5701', 'JABON PARA BEBE SOFT PAPMPER BODY WASH 400ML ', 6, 2.36, 3.54, 0, '2020-09-18 12:31:47'),
(357, 57, '5702', 'JABON LIQUIDO BABY BATH ESPECIAL O PK 300ML ', 6, 2.86, 4.29, 0, '2020-09-18 12:32:42'),
(358, 57, '5703', 'JABON PARA BEBE SOAP DELICATE SKIN 60GR', 12, 0.72, 1.08, 0, '2020-09-18 12:33:38'),
(359, 57, '5704', 'JABON PARA BEBE BLOSON 60GR ', 12, 0.72, 1.08, 0, '2020-09-18 12:34:24'),
(360, 25, '2538', 'SERVILLETA 10 HOJAS BOX 100SHIEETS', 3, 1.17, 1.755, 0, '2020-09-18 12:35:11'),
(361, 25, '2539', 'SERVILLETA 60 HOJAS PAPILION TISSUE ', 3, 1.05, 1.575, 0, '2020-09-18 12:36:20'),
(362, 25, '2540', 'LASER HOJILLAS 5UNI', 100, 0.19, 0.285, 0, '2020-09-18 12:37:04'),
(363, 45, '4504', 'PALMOLIVE JABON 80G', 36, 0.75, 1.125, 0, '2020-09-18 12:39:26'),
(364, 45, '4505', 'PALMOLIVE JABON WHITE6M ', 32, 0.75, 1.125, 0, '2020-09-18 12:40:13'),
(365, 42, '4205', 'DOVE JABON 100GR SHEA BUTTER ', 24, 1.07, 1.605, 0, '2020-09-18 12:41:04'),
(366, 58, '5801', 'DOWNY LE AROMA FLORAL 800ML ', 9, 2.41, 3.615, 0, '2020-09-18 12:42:03'),
(367, 58, '5802', 'DOWNY AROMA BRISA FRESCA 800ML ', 9, 2.41, 3.615, 0, '2020-09-18 12:43:04'),
(368, 59, '5901', 'PAÑALES MAMYS TALLA G ', 30, 2.36, 3.54, 0, '2020-09-18 12:43:47'),
(369, 59, '5902', 'PAÑALES MAMYS TALLA M ', 30, 2.17, 3.255, 0, '2020-09-18 12:44:21'),
(370, 59, '5903', 'PAÑALES MAMYS TALLA P ', 30, 1.95, 2.925, 0, '2020-09-18 12:44:56'),
(371, 59, '5904', 'PAÑALES MAMYS TALLA XG ', 30, 2.57, 3.855, 0, '2020-09-18 12:45:44'),
(372, 54, '5403', 'LISTERINE ENJUAGUE BUCAL CAVITY PROTECTI 250ML ', 6, 2.96, 4.44, 0, '2020-09-18 12:46:36'),
(373, 54, '5404', 'LISTERINE ENJUAGUE BUCAL FRESH BURST 500ML', 6, 5.98, 8.97, 0, '2020-09-18 12:47:32'),
(374, 45, '4506', 'PALMOLIVE JABON SOFTANDM ', 34, 0.75, 1.125, 0, '2020-09-18 12:49:02'),
(375, 45, '4507', 'PALMOLIVE JABON SMOOTH MOISTURE 80G', 34, 0.75, 1.125, 0, '2020-09-18 12:49:49'),
(376, 41, '4101', 'ALWAYS TOALLAS SANITARIAS NOCTURNAS PASKI 8 ', 16, 2.21, 3.315, 0, '2020-09-18 12:50:39'),
(377, 42, '4206', 'DOVE ACONDICIONADOR 200ML ', 6, 2.73, 4.095, 0, '2020-09-18 12:51:20'),
(378, 42, '4207', 'DOVE SHAMPOO INTENSIVE REPAIR 250ML ', 6, 2.73, 4.095, 0, '2020-09-18 12:52:09'),
(379, 43, '4301', 'SHAMPOO CLASSIC CLEAN 200ML ', 6, 3.64, 5.46, 0, '2020-09-18 12:53:01'),
(380, 43, '4302', 'SHAMPOO ACEITE DE ALMENDRAS 200ML ', 6, 3.67, 5.505, 0, '2020-09-18 12:53:43'),
(381, 43, '4303', 'ACONDICIONADOR DRY SCALP ', 2, 1.72, 2.58, 0, '2020-09-18 12:54:29'),
(382, 42, '4208', 'DOVE ACONDICIONADOR PRO AGE 200ML ', 4, 2.73, 4.095, 0, '2020-09-18 12:55:14'),
(383, 37, '3701', 'TE DE DURAZNO ', 12, 266.568, 399.852, 0, '2020-09-18 12:58:29'),
(384, 37, '3702', 'TE LIMON ', 12, 1, 1.4, 0, '2020-09-18 12:58:58'),
(385, 25, '2541', 'LECHE CONDENSADA NATULAC 340G ', 24, 1, 1.4, 0, '2020-09-18 13:01:06'),
(386, 25, '2542', 'PAPEL SCOTT 28MTS ', 36, 1, 1.4, 0, '2020-09-18 13:01:40'),
(388, 16, '1630', 'TODDY BOLSA 1KG ', 12, 1, 1.4, 0, '2020-09-18 13:04:12'),
(389, 16, '1631', 'TODDY CHIPS GALLETAS 24G ', 6, 1, 1.4, 0, '2020-09-18 13:05:14'),
(390, 35, '3505', 'JABON EXTLIMPIEZA 250G ', 36, 1, 1.4, 0, '2020-09-18 13:08:33'),
(391, 35, '3506', 'LIMPIEZA MAREA CRISTALINA 1L ', 12, 1, 1.4, 0, '2020-09-18 13:09:02'),
(392, 60, '6001', 'MAIZ PARA COTUFA AMRA 1000G', 9, 2.5, 3.75, 0, '2020-09-19 04:18:43'),
(393, 60, '6002', 'TRIGO FINITO OTER 900G', 13, 2.5, 3.75, 0, '2020-09-19 04:19:14'),
(394, 60, '6003', 'TRIGO GRUESO OTER 1000G', 11, 2.5, 3.75, 0, '2020-09-19 04:19:39'),
(395, 60, '6004', 'FIDEOS MACARONI DANAH ', 53, 1.8, 2.7, 0, '2020-09-19 04:20:24'),
(396, 60, '6005', 'SEMULA FINA 1000G', 2, 4.3, 6.45, 0, '2020-09-19 04:20:54'),
(397, 60, '6006', 'SEMULA GRUESA 1000G', 14, 4.3, 6.45, 0, '2020-09-19 04:21:18'),
(398, 60, '6007', 'ZAATAR ASALA THYME ', 7, 3.8, 5.7, 0, '2020-09-19 04:21:55'),
(399, 60, '6008', 'ZAATAR ASALA EXTRA RED THYME ', 7, 3.1, 4.65, 0, '2020-09-19 04:22:25'),
(400, 60, '6009', 'ZAATAR ASALA EXTRA GREEN THYME ', 13, 3.1, 4.65, 0, '2020-09-19 04:22:52'),
(401, 60, '6010', 'GHEE PURE COW 1KG MANTEQUILLA DE RES', 3, 18, 27, 0, '2020-09-19 04:23:33'),
(402, 60, '6011', 'GHEE ARABI SHEEP 1KG MANTEQUILLA DE OVEJA', 2, 19, 28.5, 0, '2020-09-19 04:24:09'),
(403, 60, '6012', 'ABAS JABAL AL SHEIKH ', 24, 1.2, 1.8, 0, '2020-09-19 04:24:38'),
(404, 60, '6013', 'CARAOTAS BLANCAS TTC 1000G', 14, 3.2, 4.8, 0, '2020-09-19 04:25:08'),
(405, 60, '6014', 'MERMELADA DE MELOCOTON JABAL AL SHEIKH', 4, 6, 9, 0, '2020-09-19 04:25:43'),
(406, 60, '6015', 'MERMELADA DE HIGO JABAL AL SHEIKH', 4, 6, 9, 0, '2020-09-19 04:26:17'),
(407, 60, '6016', 'CREMA DE AJONJOLI 300G', 4, 3.1, 4.65, 0, '2020-09-19 04:26:45'),
(408, 60, '6017', 'CREMA DE AJONJOLI 900G', 1, 1, 1.4, 0, '2020-09-18 14:30:17'),
(409, 60, '6018', 'GRANADINA JABAL AL SHEIKH ', 1, 1, 1.4, 0, '2020-09-18 14:31:17'),
(410, 60, '6019', 'KAAEK MINI BREADSTICKS', 1, 1, 1.4, 0, '2020-09-18 14:32:23'),
(411, 60, '6020', 'KAAEK GALLETA ARABE GRANDE', 1, 1, 1.4, 0, '2020-09-18 14:33:24'),
(412, 60, '6021', '7 ESPECIES ', 1, 1, 1.4, 0, '2020-09-18 14:33:48'),
(413, 60, '6022', 'ACEITE DE OLIVA EMOC 500ML', 1, 1, 1.4, 0, '2020-09-18 14:34:59'),
(414, 60, '6023', 'ACEITE DE OLIVA AL WASSIT FOOD 750ML', 1, 1, 1.4, 0, '2020-09-18 14:36:25'),
(415, 60, '6024', 'VINAGRE DE MANZANA 500ML', 1, 1, 1.4, 0, '2020-09-18 14:37:54'),
(416, 60, '6025', 'TOMATO PASTE 150G', 1, 1, 1.4, 0, '2020-09-18 14:39:46'),
(417, 60, '6026', 'TOMATO PASTE 300G', 1, 1, 1.4, 0, '2020-09-18 14:40:58'),
(418, 60, '6027', 'TOMATO PASTE 1100G ', 1, 1, 1.4, 0, '2020-09-18 14:42:13'),
(419, 60, '6028', 'PICANTE ASALA 90ML', 1, 1, 1.4, 0, '2020-09-18 14:43:13'),
(420, 60, '6029', 'PICANTE ASALA 250ML', 1, 1, 1.4, 0, '2020-09-18 14:43:49'),
(421, 60, '6030', 'PASTA PICANTE JABAL AL SHEIKH 250ML', 1, 1, 1.4, 0, '2020-09-18 14:44:59'),
(422, 60, '6031', 'HALAWA CON PISTACHO ', 1, 1, 1.4, 0, '2020-09-18 14:45:51'),
(423, 60, '6032', 'HALAWA ', 1, 1, 1.4, 0, '2020-09-18 14:46:24'),
(424, 60, '6033', 'YERBA MATE 500G', 1, 1, 1.4, 0, '2020-09-18 14:47:23'),
(425, 60, '6034', 'FRIKE 750G', 1, 1, 1.4, 0, '2020-09-18 14:48:09'),
(426, 60, '6035', 'CARBON COCO ROCA 1K', 1, 1, 1.4, 0, '2020-09-18 14:49:31'),
(427, 60, '6036', 'CARBON COCO ROCA 500G', 1, 1, 1.4, 0, '2020-09-18 14:50:16'),
(428, 60, '6037', 'BERENJENAS RELLENAS ', 1, 1, 1.4, 0, '2020-09-18 14:51:01'),
(429, 60, '6038', 'ALGOTA FALAFEL CON MOLDE ', 1, 1, 1.4, 0, '2020-09-18 14:52:41'),
(430, 60, '6039', 'ALGOTA FALAFEL ', 1, 1, 1.4, 0, '2020-09-18 14:53:43'),
(431, 60, '6040', 'AJO SECO ', 1, 1, 1.4, 0, '2020-09-18 14:55:49'),
(432, 60, '6041', 'CURCUMA ', 1, 1, 1.4, 0, '2020-09-18 14:57:08'),
(433, 60, '6042', 'PIMIENTA NEGRA ', 1, 1, 1.4, 0, '2020-09-19 03:01:31'),
(434, 60, '6043', 'SEGEK', 1, 1, 1.4, 0, '2020-09-19 03:01:53'),
(435, 60, '6044', 'CEBOLLA MOLIDA ', 1, 1, 1.4, 0, '2020-09-19 03:02:25'),
(436, 60, '6045', 'SHAWARMA DE POLLO', 1, 1, 1.4, 0, '2020-09-19 03:02:50'),
(437, 60, '6046', 'SHAWARMA DE CARNE ', 1, 1, 1.4, 0, '2020-09-19 03:03:10'),
(438, 60, '6047', 'CABSI', 1, 1, 1.4, 0, '2020-09-19 03:03:26'),
(439, 60, '6048', 'CONDIMENTO DE POLLO', 1, 1, 1.4, 0, '2020-09-19 03:03:48'),
(440, 25, '2543', 'LECHE CAMPESTRE SOB 125G ', 8, 1.1, 1.65, 0, '2020-09-19 05:36:40'),
(441, 25, '2544', 'LECHE CAMPESTRE SOB SEMI DESCREMADA 115G ', 8, 1.2, 1.8, 0, '2020-09-19 05:37:25'),
(442, 63, '6301', 'REGLETA 6 TOMA CORRIENTE C TIERRA ', 2, 1, 1.4, 0, '2020-09-19 13:23:21'),
(443, 63, '6302', 'TEIPE ELECTRICO 18 METROS COBRA', 10, 1, 1.4, 0, '2020-09-19 13:24:06'),
(444, 63, '6303', 'PENET FORMULA MEC ANTICORR SPRAY 450ML 12PCS FED', 3, 1, 1.4, 0, '2020-09-19 13:24:52'),
(445, 63, '6304', 'TEIPE PVC PARA AISLAMIENTOS ELECTRICO 5MTS', 10, 1, 1.4, 0, '2020-09-19 13:25:40'),
(446, 63, '6305', 'TEFLON PROFES 34 ANCHO X15MTS LARGO ', 10, 1, 1.4, 0, '2020-09-19 13:26:29'),
(447, 63, '6306', 'TIRRAP NEGRO LARGO 200MM', 1, 1, 1.4, 0, '2020-09-19 13:27:07'),
(448, 62, '6201', 'ACEITE LUBRICANTE CHAMPION 38ML', 4, 1, 1.4, 0, '2020-09-19 13:27:49'),
(449, 63, '6307', 'BOMBILLO LED BULBO 12W LUZ BLANCO ROSCA E27 110V', 6, 1, 1.4, 0, '2020-09-19 13:28:40'),
(450, 63, '6308', 'BOMBILLO LED BULBO 16W LUZ BLANCA ROSCA E27 ', 6, 1, 1.4, 0, '2020-09-19 13:29:22'),
(451, 63, '6309', 'BOMBILLO LED VELA 2W ROSCA E27 BLANCO ', 6, 1, 1.4, 0, '2020-09-19 13:30:04'),
(452, 63, '6310', 'BOMBILLO AHOR 2V 18W E27', 6, 1, 1.4, 0, '2020-09-19 13:30:48'),
(453, 63, '6311', 'BOMBILLO AHOR 3V 26W E27', 6, 1, 1.4, 0, '2020-09-19 13:31:19'),
(454, 63, '6312', 'BOMBILLO INCANDESCENTE 20WT ', 50, 1, 1.4, 0, '2020-09-19 13:31:50'),
(455, 63, '6313', 'SOCATE PORCELANA CUB GOMA CABLE COBRE ', 10, 1, 1.4, 0, '2020-09-19 13:32:33'),
(456, 63, '6314', 'ESPATULA MANGO MADERA CHUECO 4 ', 3, 1, 1.4, 0, '2020-09-19 13:33:12'),
(457, 63, '6315', 'APAGADOR Y SOCATE DE PARED COLOR MARFIL ', 10, 1, 1.4, 0, '2020-09-19 13:33:53'),
(458, 63, '6316', 'BALANCIN CON MANILLA METALICA ', 2, 1, 1.4, 0, '2020-09-19 13:34:35'),
(459, 64, '6401', 'CANDADO ARCO 40MM DE BRONCE EN BLISTER', 3, 1, 1.4, 0, '2020-09-19 13:35:33'),
(460, 64, '6402', 'CANDADO ARCO 50MM DE BRONCE EN BLISTER ', 3, 1, 1.4, 0, '2020-09-19 13:36:07'),
(461, 63, '6317', 'EXTENSION BLANCO 2 5MTS ', 3, 1, 1.4, 0, '2020-09-19 13:36:43'),
(462, 62, '6202', 'SAE 20W50 API MINERAL SN LANCO 1L', 24, 2.92, 4.088, 0, '2020-09-19 13:37:34'),
(463, 62, '6203', 'ACEITE DE MOTO 2T LANCO ', 12, 3, 4.2, 0, '2020-09-19 13:38:11'),
(464, 62, '6204', 'ACEITE PARA MOTOS 4 TIEMPOS 20W50 JASO M ', 12, 3.17, 4.438, 0, '2020-09-19 13:38:53'),
(465, 62, '6205', 'ACEITE PARA ENGRANAJES AUTOMOTRICES SAE8', 12, 3.33, 4.662, 0, '2020-09-19 13:39:34'),
(466, 62, '6206', 'ACEITE TRANSMISION AUTOMATICA ATF DIII', 12, 3.17, 4.438, 0, '2020-09-19 13:40:14'),
(467, 62, '6207', 'LIGA DE FRENO DOT3 290 ML LANCO ', 24, 1.17, 1.638, 0, '2020-09-19 13:40:53'),
(468, 62, '6208', 'REFRIGERANTE PLUS VERDE LANCO ', 4, 4, 5.6, 0, '2020-09-19 13:41:32'),
(469, 62, '6209', 'REFRIGERANTE HD 50 50 VERDE LANCO ', 2, 6.5, 9.1, 0, '2020-09-19 13:42:33'),
(470, 65, '6501', 'SAVOY 75 ANIVERSARIO 100G', 12, 18.83, 26.362, 0, '2020-09-19 13:44:11'),
(471, 65, '6502', 'SAVOY CHOCOLATE CON LECHE 30G ', 12, 8.07, 11.298, 0, '2020-09-19 13:45:04'),
(472, 65, '6503', 'SAVOY POSTRES OSCURO 55 200G', 4, 12.04, 16.856, 0, '2020-09-19 13:45:46'),
(473, 37, '3703', 'LECHE LA PASTOREÑA DESCREMADA 1L ', 24, 1.2, 1.68, 0, '2020-09-19 13:47:25'),
(474, 22, '2204', 'AJO PURO EN POLVO IBERIA 6G', 20, 3.77, 5.278, 0, '2020-09-19 13:48:04'),
(475, 29, '2909', 'SALSA DE AJI PICANTE PIRI PIRI 150CM ', 24, 0.97, 1.358, 0, '2020-09-19 13:48:49'),
(476, 22, '2205', 'SALSA DE AJO IBERIA 150CM ', 24, 0.9, 1.26, 0, '2020-09-19 13:49:26'),
(477, 28, '2805', 'SALSA PARA PASTAS COMPLETA IBERIA 490G ', 12, 2.13, 2.982, 0, '2020-09-19 13:50:06'),
(478, 25, '2545', 'MAYONESA REGULAR KRAFF 275G ', 12, 1, 1.4, 0, '2020-09-19 13:50:58'),
(479, 66, '6601', 'GALLETA MARIA CALEDONIA 140G ', 31, 1, 1.4, 0, '2020-09-19 13:53:19'),
(481, 15, '1522', 'CHULETA AHUM PL ', 2, 5.72, 8.3512, 0, '2020-09-23 06:53:54'),
(482, 15, '1523', 'TOCINETA AHUM SIN CUERO PL', 1, 6.07, 8.8622, 0, '2020-09-23 06:54:15'),
(483, 15, '1524', 'MORTADELA ESPECIAL DO 500G ', 12, 1, 1.4, 0, '2020-09-19 13:57:42'),
(484, 15, '1525', 'SALCHICHA WIENER PL CORTA ', 8, 18.8, 26.32, 0, '2020-09-19 13:58:16'),
(485, 15, '1526', 'SALCHICHA FRANKFURT PL DELI ', 6, 21.55, 30.17, 0, '2020-09-19 13:58:50'),
(486, 15, '1527', 'SALCHICHA VIENE FIESTA CORTA ', 8, 12.29, 17.206, 0, '2020-09-19 13:59:50'),
(487, 15, '1528', 'SALCHICHA POLACA PL DELI ', 6, 21.55, 30.17, 0, '2020-09-19 14:03:36'),
(488, 15, '1529', 'SALCHICHA WIENERS CORTA OM ', 7, 20.21, 28.294, 0, '2020-09-19 14:04:23'),
(489, 32, '3206', 'DON TOALLIN PAVECA ', 1, 1, 1.4, 0, '2020-09-22 12:41:16'),
(490, 23, '2304', 'VINAGRE DON PEDRO 500ML', 1, 1, 1.4, 0, '2020-09-22 12:43:02'),
(491, 23, '2305', 'VINAGRE PARA ENSALADAS 300CC', 1, 1, 1.4, 0, '2020-09-22 12:44:15'),
(492, 12, '1208', 'TORTILLAS DE DIETA BIMBO ', 1, 1, 1.4, 0, '2020-09-22 12:45:13'),
(493, 67, '6701', 'AGUA NEVADA 5L ', 1, 1, 1.4, 0, '2020-09-22 12:47:16'),
(494, 67, '6702', 'AGUA NEVADA LITRO Y MEDIO ', 1, 1, 1.4, 0, '2020-09-22 12:47:47'),
(495, 67, '6703', 'AGUA NEVADA 600ML', 1, 1, 1.4, 0, '2020-09-22 12:48:08'),
(496, 67, '6704', 'AGUA NEVADA 335ML ', 1, 1, 1.4, 0, '2020-09-22 12:48:26'),
(497, 67, '6705', 'AGUA MINALBA 5L', 1, 1, 1.4, 0, '2020-09-22 12:49:51'),
(498, 67, '6706', 'AGUA MINALBA LITRO Y MEDIO ', 1, 1, 1.4, 0, '2020-09-22 12:50:15'),
(499, 67, '6707', 'AGUA MINALBA 600ML', 1, 1, 1.4, 0, '2020-09-22 12:50:32'),
(500, 67, '6708', 'AGUA MINALBA 355ML', 1, 1, 1.4, 0, '2020-09-22 12:50:52'),
(501, 67, '6709', 'PEPSI LITRO Y MEDIO ', 1, 1, 1.4, 0, '2020-09-22 12:51:13'),
(502, 67, '6710', 'PEPSI 2L ', 1, 1, 1.4, 0, '2020-09-22 12:52:01'),
(503, 67, '6711', 'GATORADE FRUTAS TROPICALES 500CM', 1, 1, 1.4, 0, '2020-09-22 12:52:59'),
(504, 67, '6712', 'COCA COLA 1L ', 1, 1, 1.4, 0, '2020-09-22 12:53:30'),
(505, 67, '6713', 'COCA COLA LITRO Y MEDIO ', 1, 1, 1.4, 0, '2020-09-22 12:53:53'),
(506, 67, '6714', 'COCA COLA 2L ', 1, 1, 1.4, 0, '2020-09-22 12:54:17'),
(507, 67, '6715', 'FRESCOLITA LITRO Y MEDIO ', 1, 1, 1.4, 0, '2020-09-22 12:54:39'),
(508, 67, '6716', 'FRESCOLITA 1L ', 1, 1, 1.4, 0, '2020-09-22 12:54:59'),
(509, 67, '6717', 'FRESCOLITA 2L ', 1, 1, 1.4, 0, '2020-09-22 12:55:16'),
(510, 67, '6718', 'CHINOTO LITRO Y MEDIO ', 1, 1, 1.4, 0, '2020-09-22 12:55:36'),
(511, 67, '6719', 'CHINOTO 2L ', 1, 1, 1.4, 0, '2020-09-22 12:55:48'),
(512, 67, '6720', 'GOLDEN KOLITA LITRO Y MEDIO ', 1, 1, 1.4, 0, '2020-09-22 13:00:25'),
(513, 67, '6721', 'GOLDEN KOLITA 2L ', 1, 1, 1.4, 0, '2020-09-22 13:00:40'),
(514, 67, '6722', 'GOLDEN UVA LITRO Y MEDIO ', 1, 1, 1.4, 0, '2020-09-22 13:01:02'),
(515, 67, '6723', 'GOLDEN UVA 2L ', 1, 1, 1.4, 0, '2020-09-22 13:01:20'),
(516, 67, '6724', '7UP LITRO Y MEDIO ', 1, 1, 1.4, 0, '2020-09-22 13:01:40'),
(517, 67, '6725', '7UP 2L ', 1, 1, 1.4, 0, '2020-09-22 13:01:53'),
(518, 67, '6726', 'GOLDEN PIÑA LITRO Y MEDIO ', 1, 1, 1.4, 0, '2020-09-22 13:02:11'),
(519, 67, '6727', 'GOLDEN PIÑA 2L ', 1, 1, 1.4, 0, '2020-09-22 13:02:24'),
(520, 67, '6728', 'GOLDEN NARANJA LITRO Y MEDIO ', 1, 1, 1.4, 0, '2020-09-22 13:02:41'),
(521, 67, '6729', 'GOLDEN NARANJA 2L ', 1, 1, 1.4, 0, '2020-09-22 13:02:53'),
(522, 67, '6730', 'NATULAC APPLE NECTAR 1L ', 1, 1, 1.4, 0, '2020-09-22 13:03:13'),
(523, 67, '6731', 'YUKERY NECTAR DE DURAZNO LITRO Y MEDIO ', 1, 1, 1.4, 0, '2020-09-22 13:03:40'),
(524, 67, '6732', 'YUKERY NECTAR DE MANZANA LITRO Y MEDIO ', 1, 1, 1.4, 0, '2020-09-22 13:03:59'),
(525, 67, '6733', 'YUKERY NECTAR DE NARANJA LITRO Y MEDIO ', 1, 1, 1.4, 0, '2020-09-22 13:04:25'),
(526, 67, '6734', 'POWER ADE SABOR A FRUTAS TROPICALES 500ML ', 1, 1, 1.4, 0, '2020-09-22 13:04:53'),
(527, 67, '6735', 'GATORADE MANDARINA 500CM ', 1, 1, 1.4, 0, '2020-09-22 14:33:52'),
(528, 67, '6736', 'LIPTON TE VERDE CON LIMON 500CM ', 1, 1, 1.4, 0, '2020-09-22 13:05:36'),
(529, 67, '6737', 'RED BUL ENERGY DRINK 250ML ', 1, 1, 1.4, 0, '2020-09-22 13:06:01'),
(530, 67, '6738', 'TE LISTO 90G ', 1, 1, 1.4, 0, '2020-09-22 13:06:52'),
(531, 69, '6901', 'PERRARINA PROTICAN 4K ', 1, 1, 1.4, 0, '2020-09-22 13:09:45'),
(532, 69, '6902', 'PERRARINA SUPER CAN 2K', 1, 1, 1.4, 0, '2020-09-22 13:10:07'),
(533, 69, '6903', 'PERRARINA PROTICAN 2K ', 1, 1, 1.4, 0, '2020-09-22 13:10:29'),
(534, 25, '2547', 'SAL SALMAR 1K ', 1, 1, 1.4, 0, '2020-09-22 13:11:05'),
(535, 36, '3601', 'SALSA BOLOÑESA 340GR OLE ', 1, 1, 1.4, 0, '2020-09-22 13:11:56'),
(536, 17, '1706', 'SALSA DE AJO HEINZ 300CC', 1, 1, 1.4, 0, '2020-09-22 13:12:34'),
(537, 25, '2548', 'SALSA DE TOMATE KAMPIST 385G ', 1, 1, 1.4, 0, '2020-09-22 13:13:43'),
(538, 25, '2549', 'SALSA DE TOMATE PAMPERO 397G ', 1, 1, 1.4, 0, '2020-09-22 13:14:28'),
(539, 36, '3602', 'SALSA HIERBAS FINAS 340G ', 1, 1, 1.4, 0, '2020-09-22 13:15:00'),
(540, 17, '1707', 'SALSA PARA PASTA HEINZ COMPLETA 195G ', 1, 1, 1.4, 0, '2020-09-22 13:15:48'),
(541, 70, '7001', 'SALSA PARA PASTA TOM Y ALBAHACA 190G ', 1, 1, 1.4, 0, '2020-09-22 13:17:16'),
(542, 17, '1708', 'SALSA PARA PIZZA HEINZ 480G ', 1, 1, 1.4, 0, '2020-09-22 13:17:47'),
(543, 22, '2206', 'SALSA PARA PASTA COMPLETA IBERIA ', 1, 1, 1.4, 0, '2020-09-22 13:18:12'),
(544, 17, '1709', 'SALSA PARA PASTA BOLOÑESA HEINZ 195G ', 1, 1, 1.4, 0, '2020-09-22 13:18:38'),
(545, 17, '1710', 'SALSA PARA PASTA NAPOLITANA HEINZ 195G ', 1, 1, 1.4, 0, '2020-09-22 13:19:04'),
(546, 25, '2550', 'SALSA PARA PASTA UNDERWOOD 120G ', 1, 1, 1.4, 0, '2020-09-22 13:19:35'),
(547, 25, '2551', 'SALSA PEPPERONI NATURALYS 500G ', 1, 1, 1.4, 0, '2020-09-22 13:20:18'),
(548, 23, '2306', 'SALSA PICANTE DON PEDRO 150CC', 1, 1, 1.4, 0, '2020-09-22 13:20:47'),
(549, 22, '2207', 'SALSA PICANTE PIRI PIRI IBERIA 150CC', 1, 1, 1.4, 0, '2020-09-22 13:21:17'),
(550, 17, '1711', 'SALSA SOYA HEINZ 300CC', 1, 1, 1.4, 0, '2020-09-22 13:21:53'),
(551, 17, '1712', 'SALSA INGLESA HEINZ 300CC', 1, 1, 1.4, 0, '2020-09-22 13:22:12'),
(552, 17, '1713', 'SALSA TERIYAKI HEINZ 300CC', 1, 1, 1.4, 0, '2020-09-22 13:23:02'),
(553, 36, '3603', 'SALSA TOMATE Y ALBAHACA OLE 340G ', 1, 1, 1.4, 0, '2020-09-22 13:23:52'),
(554, 71, '7101', 'SARDINAS EN ACEITE VEGETAL POSEIDON 227G ', 1, 1, 1.4, 0, '2020-09-22 13:24:58'),
(555, 71, '7102', 'SARDINAS EN SALSA DE TOMATE EL MORRO 170G ', 1, 1, 1.4, 0, '2020-09-22 13:25:33'),
(556, 71, '7103', 'SARDINAS EN SALSA DE TOMATE EL VALLE 270G ', 1, 1, 1.4, 0, '2020-09-22 13:26:02'),
(557, 71, '7104', 'SARDINAS EN SALSA DE TOMATE POSEIDON 227G ', 1, 1, 1.4, 0, '2020-09-22 13:27:14'),
(558, 71, '7105', 'SARDINAS EN SALSA ITALIANA REINA DEL CARIBE 170G ', 1, 1, 1.4, 0, '2020-09-22 13:27:47'),
(559, 71, '7106', 'SARDINAS EN SALSA MARGARITEÑA EL FARO 110G ', 1, 1, 1.4, 0, '2020-09-22 13:28:20'),
(560, 71, '7107', 'SARDINAS LINA AL NATURAL 170G ', 1, 1, 1.4, 0, '2020-09-22 13:28:46'),
(561, 16, '1632', 'SARDINAS PICANTE MARGARITA 170G ', 1, 1, 1.4, 0, '2020-09-22 13:29:21'),
(562, 16, '1633', 'SARDINAS AL NATURAL MARGARITA 170G ', 1, 1, 1.4, 0, '2020-09-22 13:29:50'),
(563, 71, '7108', 'PEPITONA EN SALSA PICANTE POSEIDON 227G ', 1, 1, 1.4, 0, '2020-09-22 13:32:05'),
(564, 71, '7109', 'PEPITONA EN SALSA PICANTE REINA DEL CARIBE 140G ', 1, 1, 1.4, 0, '2020-09-22 13:34:05'),
(565, 71, '7110', 'ATUN EN TROZOS AL NATURAL CAYUCO 140G ', 1, 1, 1.4, 0, '2020-09-22 14:33:52'),
(566, 71, '7111', 'ATUN SPECIAL TUNA TURKIYE 160G ', 1, 1, 1.4, 0, '2020-09-22 14:33:52'),
(567, 16, '1634', 'PEPITONAS EN SALSA PICANTE MARGARITA 140G ', 1, 1, 1.4, 0, '2020-09-22 14:33:52'),
(568, 20, '2004', 'PASTA DE TOMATE 500G', 1, 1, 1.4, 0, '2020-09-22 13:40:58'),
(569, 18, '1817', 'PASSATA DE TOMATE 700ML ', 1, 1, 1.4, 0, '2020-09-22 13:41:24'),
(570, 17, '1714', 'PASSATA DE TOMATE 480G ', 1, 1, 1.4, 0, '2020-09-22 13:41:43'),
(571, 25, '2552', 'PALMITOS ENTEROS PALMO 400G ', 1, 1, 1.4, 0, '2020-09-22 13:43:37'),
(572, 25, '2553', 'PALMITOS EN TROZOS PALMO 400G', 1, 1, 1.4, 0, '2020-09-22 13:44:01'),
(573, 39, '3901', 'NESTUM ARROZ 225G ', 1, 1, 1.4, 0, '2020-09-22 13:44:42'),
(574, 39, '3902', 'NESTUM 3 CEREALES 225G', 1, 1, 1.4, 0, '2020-09-22 13:45:00'),
(575, 67, '6739', 'NESTEA DE LIMON 90G', 1, 1, 1.4, 0, '2020-09-22 13:45:51'),
(576, 67, '6740', 'NESTEA DE DURAZNO 90G', 1, 1, 1.4, 0, '2020-09-22 13:46:10'),
(577, 67, '6741', 'TANG DE LIMON 90G ', 1, 1, 1.4, 0, '2020-09-22 13:46:43'),
(578, 67, '6742', 'TANG DE NARANJA 90G', 1, 1, 1.4, 0, '2020-09-22 13:46:59'),
(579, 25, '2554', 'NESCAFE TRADICIONAL 80G', 1, 1, 1.4, 0, '2020-09-22 13:47:29'),
(580, 25, '2555', 'NESCAFE TRADICIONAL 170G', 1, 1, 1.4, 0, '2020-09-22 13:47:47'),
(581, 26, '2607', 'MOSTAZA PREPARADA 260G ', 1, 1, 1.4, 0, '2020-09-22 13:48:32'),
(582, 26, '2608', 'MOSTAZA HONEY MUSTAR 300G ', 1, 1, 1.4, 0, '2020-09-22 13:48:54'),
(583, 17, '1715', 'MOSTAZA HEINZ 490G', 1, 1, 1.4, 0, '2020-09-22 13:49:15'),
(584, 16, '1635', 'LA VIENESA MERMELADA DE FRESA 240G ', 1, 1, 1.4, 0, '2020-09-22 13:50:20'),
(585, 26, '2609', 'OREGANO ENTERO ', 1, 1, 1.4, 0, '2020-09-22 13:53:42'),
(586, 28, '2806', 'MELOCOTON EN MITADES 840G ', 1, 1, 1.4, 0, '2020-09-22 13:54:45'),
(587, 16, '1636', 'MAYONESA MAVESA 175G ', 1, 1, 1.4, 0, '2020-09-22 13:55:56'),
(588, 25, '2556', 'LECHE EN POLVO LA CAMPESINA 800G ', 1, 1, 1.4, 0, '2020-09-22 14:09:26'),
(589, 25, '2557', 'LECHE LIQUIDA COMPLETA PURISIMA 1L', 1, 1, 1.4, 0, '2020-09-22 14:10:09'),
(590, 25, '2558', 'LECHE LIQUIDA DESCREMADA PURISIMA 1L', 1, 1, 1.4, 0, '2020-09-22 14:10:34'),
(591, 28, '2807', 'MAIZ DULCE EN GRANOS 340G ', 1, 1, 1.4, 0, '2020-09-22 14:11:50'),
(592, 25, '2559', 'MANTEQUILLA CAMPESTRE 200G', 1, 1, 1.4, 0, '2020-09-22 14:13:01'),
(593, 25, '2560', 'MANTEQUILLA CAMPESTRE 360G', 1, 1, 1.4, 0, '2020-09-22 14:13:21'),
(594, 25, '2561', 'MANTEQUILLA MARACAY 250G', 1, 1, 1.4, 0, '2020-09-22 14:13:38'),
(595, 25, '2562', 'ACEITE LIZA 900ML ', 1, 1, 1.4, 0, '2020-09-22 14:14:40'),
(596, 25, '2563', 'ALCOHOL ANTISEPTICO 1L', 1, 1, 1.4, 0, '2020-09-22 14:15:23'),
(597, 25, '2564', 'ALCOHOL ANTISEPTICO 700ML ', 1, 1, 1.4, 0, '2020-09-22 14:15:43'),
(598, 25, '2565', 'ALCOHOL ANTISEPTICO 350ML ', 1, 1, 1.4, 0, '2020-09-22 14:16:04'),
(599, 25, '2566', 'ARROZ EMY 800G', 1, 1, 1.4, 0, '2020-09-22 14:17:59'),
(600, 25, '2567', 'CHOCO COOL 200G ', 1, 1, 1.4, 0, '2020-09-22 14:19:54'),
(601, 25, '2568', 'DALVITO 200G ', 1, 1, 1.4, 0, '2020-09-22 14:20:28'),
(602, 36, '3604', 'DURAZNO EN ALMIBAR MITADES 800G ', 1, 1, 1.4, 0, '2020-09-22 14:21:14'),
(603, 14, '1402', 'LOMITO DE CERDO PLUMROSE ', 1, 3.78, 4.914, 0, '2020-09-23 06:50:36'),
(604, 15, '1530', 'MINI EMPANADITAS CON POLLO 250G ', 4, 0.88, 1.144, 0, '2020-09-23 06:51:47'),
(605, 15, '1531', 'RAVIOLITOS RELLENOS 4 QUESOS ', 1, 1.1, 1.606, 0, '2020-09-23 06:52:45'),
(606, 72, '7201', 'LECHE EN POLVO CAMPESTRE COMPLETA 1K', 6, 6.66, 8.658, 0, '2020-09-24 17:57:24'),
(607, 72, '7202', 'LECHE EN POLVO CAMPESTRE SEMIDESCREMADA 900G', 3, 6.8, 8.84, 0, '2020-09-24 17:58:14'),
(608, 72, '7203', 'LECHE EN POLVO CAMPESTRE COMPLETA EXTRA CALCIO 1K', 2, 7.56, 9.828, 0, '2020-09-24 17:59:02'),
(609, 72, '7204', 'LECHE EN POLVO CAMPESTRE DESCREMADA 900G', 2, 8.96, 11.648, 0, '2020-09-24 17:59:59'),
(610, 15, '1532', 'QUESO CHEDDY ', 1, 4.55, 5.915, 0, '2020-09-24 18:00:27');

-- --------------------------------------------------------

--
-- Estructura de tabla para la tabla `usuarios`
--

CREATE TABLE `usuarios` (
  `id` int(11) NOT NULL,
  `nombre` text COLLATE utf8_spanish_ci NOT NULL,
  `usuario` text COLLATE utf8_spanish_ci NOT NULL,
  `password` text COLLATE utf8_spanish_ci NOT NULL,
  `perfil` text COLLATE utf8_spanish_ci NOT NULL,
  `foto` text COLLATE utf8_spanish_ci NOT NULL,
  `estado` int(11) NOT NULL,
  `ultimo_login` datetime NOT NULL,
  `fecha` timestamp NOT NULL DEFAULT current_timestamp() ON UPDATE current_timestamp()
) ENGINE=InnoDB DEFAULT CHARSET=utf8 COLLATE=utf8_spanish_ci;

--
-- Volcado de datos para la tabla `usuarios`
--

INSERT INTO `usuarios` (`id`, `nombre`, `usuario`, `password`, `perfil`, `foto`, `estado`, `ultimo_login`, `fecha`) VALUES
(1, 'Administrador', 'admin', '$2a$07$asxx54ahjppf45sd87a5auXBm1Vr2M1NV5t/zNQtGHGpS5fFirrbG', 'Administrador', 'vistas/img/usuarios/admin/191.jpg', 1, '2020-09-24 12:56:06', '2020-09-24 17:56:06'),
(63, 'Ejemplo', 'venta', '$2a$07$asxx54ahjppf45sd87a5auRajNP0zeqOkB9Qda.dSiTb2/n.wAC/2', 'Vendedor', '', 1, '0000-00-00 00:00:00', '2020-09-17 06:35:24');

-- --------------------------------------------------------

--
-- Estructura de tabla para la tabla `ventas`
--

CREATE TABLE `ventas` (
  `id` int(11) NOT NULL,
  `codigo` int(11) NOT NULL,
  `id_cliente` int(11) NOT NULL,
  `id_vendedor` int(11) NOT NULL,
  `productos` text COLLATE utf8_spanish_ci NOT NULL,
  `impuesto` float NOT NULL,
  `neto` float NOT NULL,
  `total` float NOT NULL,
  `tasa_dia` text COLLATE utf8_spanish_ci NOT NULL,
  `metodo_pago` text COLLATE utf8_spanish_ci NOT NULL,
  `metodo_pago_2` text COLLATE utf8_spanish_ci NOT NULL,
  `fecha` timestamp NOT NULL DEFAULT current_timestamp() ON UPDATE current_timestamp()
) ENGINE=InnoDB DEFAULT CHARSET=utf8 COLLATE=utf8_spanish_ci;

--
-- Índices para tablas volcadas
--

--
-- Indices de la tabla `categorias`
--
ALTER TABLE `categorias`
  ADD PRIMARY KEY (`id`);

--
-- Indices de la tabla `clientes`
--
ALTER TABLE `clientes`
  ADD PRIMARY KEY (`id`);

--
-- Indices de la tabla `productos`
--
ALTER TABLE `productos`
  ADD PRIMARY KEY (`id`);

--
-- Indices de la tabla `usuarios`
--
ALTER TABLE `usuarios`
  ADD PRIMARY KEY (`id`);

--
-- Indices de la tabla `ventas`
--
ALTER TABLE `ventas`
  ADD PRIMARY KEY (`id`);

--
-- AUTO_INCREMENT de las tablas volcadas
--

--
-- AUTO_INCREMENT de la tabla `categorias`
--
ALTER TABLE `categorias`
  MODIFY `id` int(11) NOT NULL AUTO_INCREMENT, AUTO_INCREMENT=73;

--
-- AUTO_INCREMENT de la tabla `clientes`
--
ALTER TABLE `clientes`
  MODIFY `id` int(11) NOT NULL AUTO_INCREMENT, AUTO_INCREMENT=18;

--
-- AUTO_INCREMENT de la tabla `productos`
--
ALTER TABLE `productos`
  MODIFY `id` int(11) NOT NULL AUTO_INCREMENT, AUTO_INCREMENT=611;

--
-- AUTO_INCREMENT de la tabla `usuarios`
--
ALTER TABLE `usuarios`
  MODIFY `id` int(11) NOT NULL AUTO_INCREMENT, AUTO_INCREMENT=64;

--
-- AUTO_INCREMENT de la tabla `ventas`
--
ALTER TABLE `ventas`
  MODIFY `id` int(11) NOT NULL AUTO_INCREMENT, AUTO_INCREMENT=46;
COMMIT;

/*!40101 SET CHARACTER_SET_CLIENT=@OLD_CHARACTER_SET_CLIENT */;
/*!40101 SET CHARACTER_SET_RESULTS=@OLD_CHARACTER_SET_RESULTS */;
/*!40101 SET COLLATION_CONNECTION=@OLD_COLLATION_CONNECTION */;
